ID,ppl
0,79.2521396283684
1,39.65435647061802
2,167.55228505152397
3,109.63303971252901
4,138.90671666008325
5,41.87079733866435
6,729.0779565227767
7,67.60111502641459
8,84.41030145520995
9,25.98745436961472
10,275.9988265491803
11,60.73905692882793
12,61.09296479467897
13,160.51980027781147
14,73.14259196688676
15,106.23490763455115
16,15.489363322548204
17,7.1809939875186855
18,514.6062289590054
19,115.68474747641737
20,570.558004739027
21,86.19598115316663
22,300.4741848936425
23,74.82179749799629
24,280.222485175826
25,327.71264628247746
26,313.4411185058434
27,104.26830273175347
28,18.374748603928023
29,151.5270793999895
30,601.1831049106803
31,42.736038316276854
32,1461.8129202450593
33,96.52681842646754
34,43.06227786661651
35,787.1335298313421
36,70.57451094200398
37,68.8648101448934
38,88.75103367930137
39,37.429250492938216
40,111.06964027041542
41,26.622205804858638
42,82.6915370609561
43,267.5900329248982
44,408.84736827313003
45,155.75652757493364
46,46.30085807467068
47,179.08848963947088
48,27.865529755921344
49,3161.5173742233974
50,20.313840894134756
51,75.4450300398039
52,246.2523236515257
53,62.47718110691109
54,78.24442117914498
55,154.22683787736753
56,71.45560497041029
57,62.88057288909636
58,327.9019385321925
59,281.93079809071156
60,201.6929482654747
61,30.097132835014563
62,1492.8012849488346
63,78.5939346347818
64,155.6404860315125
65,141.1109326072585
66,104.30684207830255
67,182.3885979621969
68,200.01202982926975
69,82.78882961228189
70,28.929338209098894
71,36.19984448839303
72,354.4513625699454
73,107.66753089069041
74,13.820173724982881
75,451.69646041749746
76,47.101897183027745
77,157.76629430800648
78,415.94115842734175
79,183.75196046824635
80,42.484662295350795
81,184.52630616355358
82,73.17231329790401
83,860.0983124566352
84,182.7202535459687
85,144.84685522213002
86,123.3160034524396
87,927.4938397206615
88,88.76639709292361
89,nan
90,293.04815651236385
91,133.6582385249806
92,56.88069592310766
93,114.37744043145074
94,67.09522383468644
95,77.01695649858674
96,87.25025795462142
97,100.9797638971178
98,152.61047726853593
99,295.74989864582807
100,54.535807166959955
101,13.694922407535136
102,89.99262531087726
103,31.740181309901764
104,64.90437168999937
105,125.25603666885922
106,292.3144829912048
107,174.95801185506923
108,364.859479197207
109,65.03619258598658
110,67.285662929277
111,99.74294066191145
112,122.59211249525045
113,56.59391929449049
114,484.84109657460806
115,364.18628206346506
116,87.52198095124456
117,99.65665453608591
118,90.72617267374221
119,78.15776111958203
120,96.37909101805566
121,80.27987988369465
122,324.33916689221826
123,8.626711323406822
124,9.848115161417466
125,16.10805224408295
126,23.217399845086373
127,13.37073815918538
128,61.077439733724134
129,23.807321565100978
130,141.12977420714984
131,235.661876787307
132,122.62298139957701
133,212.23449350507025
134,310.0155115627654
135,76.27944576143788
136,239.05134737501712
137,105.38782666220867
138,4.192027988817827
139,505.4707095352058
140,47.33212206675774
141,387.27519262549134
142,214.86970768225078
143,31.28862055269639
144,1554.3127076386374
145,164.18199094710212
146,84.94129193811162
147,112.91566110365956
148,256.9491467895302
149,319.7623696212551
150,264.3563925060418
151,141.51631198306484
152,49.730366082461266
153,856.2803282797208
154,560.3535824533623
155,135.12198966875124
156,110.41647972776924
157,90.4878983317674
158,137.0134685064721
159,213.61041430338977
160,304.31326032675645
161,374.50023201333687
162,120.93858330307151
163,90.72556701321888
164,184.44203195220217
165,151.943615658283
166,69.57865690638945
167,68.92995730721124
168,85.0544926398602
169,725.0093139849513
170,265.33512571049107
171,355.5392919057626
172,165.35350428255535
173,113.14634181651914
174,80.48893306907198
175,541.0080416027452
176,276.9467012025799
177,427.00779690672255
178,155.92275932606276
179,336.8360422969424
180,84.59997083007623
181,43.872603285448314
182,107.11351502010572
183,103.4748387997394
184,111.88719205304902
185,60.43977272243284
186,64.69938164096497
187,334.2922242795233
188,203.32506108783252
189,112.66358364812453
190,408.01790336162975
191,24.6655344848688
192,15.798388811724275
193,88.35626653615394
194,32.85279481710689
195,614.1987688428021
196,233.58778705381704
197,155.63603318518764
198,49.631082936973684
199,126.90352869689923
200,725.1856482294611
201,308.0742907559164
202,95.36381449289865
203,114.21007246607101
204,238.63815436847682
205,22.425837558363934
206,478.4646322959158
207,446.84401233782484
208,121.4269768342869
209,84.11855179161834
210,138.76881581012483
211,157.48226054068488
212,93.16004461750725
213,137.69711546099686
214,213.0195434842482
215,158.52219320389173
216,90.84647638036056
217,97.05647874069928
218,162.92505812530413
219,58.29311829987803
220,104.32778361642723
221,4.46070510790823
222,111.47846405022081
223,91.8035470828508
224,55.193473218059076
225,222.43161226533422
226,119.5308030553437
227,98.10352814333622
228,1067.038594536829
229,291.24748076323607
230,232.1178277568771
231,183.0900491437761
232,2918.2008915007173
233,77.68880760374655
234,102.37309791362539
235,35.77989490509141
236,19.013883994337007
237,100.1213396414648
238,5.3562291310850485
239,150.04973079780788
240,259.53616699863363
241,252.93174721982115
242,122.29463825843084
243,300.17574340071377
244,109.368627808801
245,643.0584599910327
246,111.98967474248288
247,64.6199888889665
248,214.44410995043543
249,29.025729452846466
250,90.36488080626056
251,84.39794561935271
252,131.18585359067438
253,312.8155047261877
254,220.88477422345906
255,65.1855299279405
256,6.994464309876395
257,28.994065725568085
258,46.81325420328143
259,185.14158086380021
260,351.8023577709028
261,1378.2140294158937
262,50.74888554489331
263,27.119626281600997
264,13.725482097006338
265,171.9808636961271
266,126.92477029806578
267,474.6907122153614
268,106.39424117108268
269,152.79120019061682
270,220.18273540899344
271,191.06934646458672
272,3975.9279971825126
273,245.73210620109572
274,91.60069770792353
275,115.73567393418342
276,387.16902353962985
277,153.79802870328564
278,186.2801139250505
279,135.16278076505367
280,251.0477973504699
281,18.645988820247055
282,50.341350577845986
283,613.9765186117738
284,272.8509892917005
285,1572.70794497894
286,278.9325513666293
287,397.0282189148007
288,17.114213466193846
289,93.67319614908169
290,120.93962133171307
291,61.17902122815183
292,593.9202054286012
293,294.80513620055075
294,276.76254088319723
295,428.59689318396227
296,169.39942178432986
297,85.81675275831522
298,128.43739283069382
299,193.18053089942467
300,349.6790066256246
301,511.5597684592379
302,623.5423578735606
303,1113.2123365981797
304,459.258795753911
305,2873.599580479772
306,91.00503207825788
307,287.0694680814241
308,115.76166996320691
309,1409.5787512058275
310,476.3209629665651
311,1136.8970553544823
312,201.3143757086426
313,1626.0351666867998
314,94.38839370223654
315,43.06446476057742
316,149.8048030566346
317,173.45796397650489
318,74.95502989975525
319,1473.8422876108075
320,351.5840118847021
321,55.5453604937665
322,329.7416028828438
323,71.23298082400294
324,1537.4487376290565
325,1247.4504853960914
326,901.8082141325361
327,477.542656139004
328,513.2880030881572
329,499.3669699117989
330,361.3399284029633
331,268.34698539791924
332,48.09730592998482
333,647.2033497800487
334,82.74699478816595
335,5357.890672959026
336,331.20680144656
337,309.72324777475814
338,1226.4859837889342
339,46.801737313857316
340,79.12126640116524
341,1615.6508111858088
342,1153.2262381266419
343,334.688734992624
344,171.77777069263817
345,242.02565008240256
346,200.7295663194431
347,46.823311479215114
348,129.47085169910187
349,326.3561075262805
350,85.96456241003364
351,108.38574773127043
352,141.52434235898838
353,94.28479741654056
354,185.63494103689953
355,141.5653786189135
356,90.53386261362766
357,66.36374193892863
358,161.88009200598663
359,112.36705206536509
360,132.9365669371282
361,66.38418756275084
362,52.39543081527618
363,128.98780253730044
364,204.97849344880726
365,113.4139378475956
366,254.36789965772383
367,252.5905384344404
368,87.28908327645851
369,58.883788493536294
370,70.79764280862462
371,54.41075114464463
372,92.39928422895322
373,125.66277769779194
374,105.87469167895073
375,43.55687869979996
376,43.70685352145812
377,49.683933444623854
378,36.76203749969083
379,139.46168680669868
380,270.30158747143287
381,116.02316874618133
382,104.12471377816205
383,115.7126632138654
384,194.22832221686855
385,271.93217357399425
386,18.096595374688647
387,12.769783408125422
388,14.202135134817228
389,547.3424686372691
390,87.06049998611185
391,172.1236148553974
392,211.9152413811986
393,533.5991844058693
394,159.33701605214958
395,191.45384821878406
396,833.7758041061921
397,122.85263715323012
398,386.7894534227585
399,11.130583379680798
400,65.90521938220506
401,80.72805024268119
402,79.97315205248694
403,32.92949601652686
404,50.54217672171497
405,284.19892002084464
406,97.02265385712084
407,278.001872583232
408,38.017886831301844
409,161.33396662889228
410,271.5650739388574
411,162.34320112448424
412,226.20270938573066
413,58.51130983534291
414,51.58756715614546
415,85.63754415447106
416,281.1337857135901
417,169.42018247267887
418,183.74547672020398
419,434.5374662198326
420,120.90289207225695
421,145.77894906050477
422,364.23178318423425
423,89.19705866392441
424,256.0572612803519
425,142.7179444370531
426,439.16265702979007
427,1145.8499102376954
428,131.60795947428767
429,46.43300632437481
430,50.7859839957082
431,20.346849856191408
432,108.88049161853168
433,209.69978213196782
434,157.73537828784632
435,129.5814690215973
436,47.71501162533931
437,259.3105333007215
438,1657.7714269478597
439,78.53339592475506
440,251.07760664074712
441,180.94852953144112
442,658.1756969894757
443,860.1963383558307
444,913.7167468437502
445,618.0314963221172
446,67.36283782178832
447,426.5816436903352
448,194.23276780124203
449,323.80449497493134
450,122.1533652618708
451,433.8438882343479
452,12.195239905083307
453,46.675638997103704
454,353.97252712515325
455,221.26205806571105
456,61.23187531785741
457,344.64420932302863
458,52.555585744454305
459,575.0441888221279
460,173.65923430207164
461,77.20344882592663
462,245.71441353398146
463,34.683569693336274
464,149.80187435290367
465,133.08117266588644
466,1620.4366913087715
467,150.88754213844948
468,22.721757911260465
469,106.34793227185038
470,47.50722503244749
471,11.432094789743376
472,14.501979732986777
473,2.845381667102212
474,33.6568471391323
475,163.02320853317798
476,236.1348765228986
477,78.38169245139616
478,226.5160491785193
479,258.8419569029237
480,56.24330027650801
481,851.6626310487646
482,53.388561632203086
483,1.16725010341718
484,165.42676908857246
485,47.975780287811
486,77.59569549778227
487,49.061284511471754
488,67.34244400834308
489,497.6148923938658
490,366.2087358622622
491,258.3368995864367
492,225.52484457418603
493,94.9106646547338
494,932.0714700116839
495,246.9025256245533
496,51.733805225098
497,29.99379377652797
498,363.1292027307736
499,168.72475502666515
500,9926.013716041034
501,229.36030498731364
502,94.97069432201945
503,38.686764964582395
504,543.3306400165748
505,2690.750361296609
506,55.38815006140059
507,293.51552736022086
508,256.3566974847793
509,186.97994724220618
510,120.83978071440411
511,87.4584435503305
512,18.638001877686463
513,144.24816810195657
514,35.28573265879812
515,20.339933410414076
516,289.32912151978024
517,774.9841067064214
518,99.62444118633279
519,68.62332215806919
520,1102.0056359967757
521,32.786049637189365
522,129.55403749434905
523,354.5353732678019
524,112.35638999486747
525,218.6317278218945
526,147.05835308507034
527,177.8737701846905
528,192.04423106698593
529,1327.7996565732617
530,96.71151945449203
531,1352.0681204188127
532,189.7356323927584
533,563.5551685650973
534,47.14906418651618
535,218.07614769070796
536,231.8058025999269
537,143.90843742099142
538,173.0252632945906
539,76.54740141808219
540,249.08296307248867
541,102.92747562306116
542,556.2930709382497
543,165.78733498980614
544,39.50475036367791
545,46.04008166849982
546,397.67754143283054
547,318.3648012001539
548,252.161037392232
549,134.7619776378076
550,121.21287460013954
551,71.4587397264294
552,121.7587962053663
553,77.18762065523505
554,391.1579499834723
555,23.11368732190677
556,49.64871719770502
557,93.44674133346639
558,10.971488041128968
559,122.61771910503612
560,52.06692483930518
561,138.91651991683247
562,91.28348629349779
563,140.12453819094358
564,106.42590310332399
565,134.8234880305134
566,672.2736108890846
567,18.924499340669296
568,58.54667028043595
569,32.0726152242925
570,20.52741231429281
571,130.76429093116002
572,90.59315430668298
573,492.00773325005053
574,402.69691381734674
575,129.29828977192466
576,269.65276263309977
577,32.846701528684015
578,91.72552881745591
579,191.29260264891784
580,33.09169551360167
581,49.41525866521255
582,126.2856337798851
583,148.30060846686652
584,16.655139846126204
585,255.32182662143708
586,160.5265360980088
587,212.38189374954683
588,125.19799573640894
589,698.3126702018009
590,440.1456747247219
591,59.756254139021586
592,223.27833500827487
593,118.8192732187359
594,130.80382888231918
595,23.13749491754971
596,200.84895881128045
597,205.92632581273028
598,95.47588031222811
599,221.91144886431584
600,226.16959821920895
601,38.96132638006417
602,179.4002855231342
603,72.82318931929136
604,659.0038205422941
605,74.37048402765366
606,70.11704655717584
607,317.8916634525188
608,-1
609,50.50143939185274
610,153.99631194488765
611,491.0664508068429
612,9.259535512798081
613,151.4799050513376
614,26.75825600559922
615,72.97996669646828
616,57.82174642484092
617,190.7932127031616
618,100.09269879372422
619,111.63331173771246
620,224.57277716457241
621,32.67806674457636
622,204.6963130611112
623,70.86289514607365
624,81.27508777815633
625,27.553404634676312
626,163.55407180302234
627,351.3131965521394
628,300.1674416885029
629,140.35865842717436
630,182.300432042602
631,202.8974640928886
632,306.227423842604
633,90.79355601185534
634,63.66813100876613
635,111.31119803562311
636,246.24128620661975
637,107.75946850549093
638,45.09995653705009
639,26.729084948779725
640,198.53720719547377
641,73.20009202668464
642,139.29546815351384
643,nan
644,nan
645,19.194054556923167
646,167.72790668359298
647,nan
648,166.28556620985609
649,60.009330883134794
650,nan
651,193.1897426845864
652,64.67112823225644
653,130.56030558455132
654,nan
655,123.85946632712772
656,74.54168147679195
657,955.3080405247127
658,403.5906089711498
659,75.96478013040269
660,4.1808151078348414
661,3.4130535828084536
662,74.1291632495575
663,161.91506305354818
664,49.72551695181542
665,262.62930751231414
666,4.547878927425759
667,1.8765918669592119
668,28.994134852890017
669,52.921722940911636
670,21.23762664604788
671,113.65788421786117
672,149.2515111754138
673,69.32140934374472
674,43.20117569809966
675,268.66502092127246
676,11.474570582088589
677,58.291116998841986
678,17.073014911633322
679,59.19944182357589
680,73.88496139552102
681,448.8075091532304
682,88.92653787249587
683,34.511905445963514
684,3.5279258494748134
685,52.72770652824869
686,31.761808876590777
687,84.53327409740993
688,248.77944810846142
689,533.7999752705875
690,502.60413708641033
691,65.05340634230559
692,305.91188994730203
693,256.66211354899724
694,238.52575480622644
695,158.58933069059057
696,66.13748916972523
697,127.96460621028638
698,67.25849301061301
699,170.2178758111132
700,105.61053092545971
701,63.84278447960755
702,2.082985247987079
703,1.778281120154461
704,8.567930554975833
705,1.542834098687299
706,5.324569851154948
707,1.8167936149686257
708,61.6991470871804
709,47.96258228526863
710,135.17019279144736
711,7.110598911594717
712,51.26223185447151
713,133.13721792045428
714,54.18809335572596
715,509.31930691858133
716,85.38608361360288
717,137.4842819908112
718,83.53369249501979
719,67.9122816059406
720,198.3748200626448
721,491.10625940456123
722,995.1927714932901
723,307.7299998054028
724,356.37098144291247
725,331.25055141949406
726,79.27806805928422
727,720.3963592130963
728,142.76797231931153
729,143.06809877521155
730,213.3386281406929
731,190.7215360630109
732,198.59041881878107
733,350.0088069226325
734,110.43548825939844
735,90.90801015593354
736,255.91639939015374
737,333.7489427438107
738,217.3865598863889
739,136.06739446318662
740,70.09742330305058
741,527.7526159876465
742,315.16929280871085
743,177.5262762676916
744,218.76082956805396
745,909.8919734393234
746,42.93546406192038
747,156.24666547334746
748,203.3130392781519
749,93.84836448711184
750,125.74501577122123
751,177.10259585903694
752,144.30822806189587
753,132.95171779409563
754,35.231461566855764
755,128.04969396770875
756,835.5054578862481
757,148.356271805059
758,1024.5147973002775
759,36.94232208781072
760,58.542315354862914
761,206.29586388580987
762,205.7808547128417
763,198.13092150778834
764,209.0777523217892
765,29.957759705528826
766,72.28228584736989
767,288.6578841847931
768,110.75010359272686
769,82.15392389181866
770,135.24136892871465
771,579.169760510818
772,186.52365425486553
773,47.789332923385594
774,38.459995595570106
775,82.53428063293582
776,14.178175341840305
777,900.9713621583056
778,93.11190342717275
779,59.52476251215261
780,42.70209165048984
781,8.415271042532364
782,37.82342462812374
783,77.2093392063266
784,38.290047289896684
785,122.19356248616003
786,54.36974745007862
787,115.29870190781806
788,540.752193163319
789,81.76736572385849
790,189.04693822549743
791,116.30122868609654
792,223.8757762400797
793,114.88950851385627
794,76.8125256731509
795,9.104391901873282
796,31.954652827180098
797,22.133655074325148
798,45.69846177474928
799,99.625201263399
800,7.033446198185214
801,11636.82471767605
802,47.059511908055576
803,472.4959046256324
804,603.5372202101789
805,10.021096359532969
806,111.01801419390728
807,74.11629786171031
808,102.12293278251359
809,43.70435266678957
810,51.40551313669347
811,9.091596201308022
812,46.45173029949719
813,42.69831467691725
814,117.44165063160325
815,304.809788771903
816,1796.625918648794
817,5.445070000891533
818,55.282131743161024
819,36.172616195553275
820,40.08468185465046
821,173.58944188118826
822,101.25039693065588
823,3060.097942671728
824,230.78957988509916
825,7.3657198283139635
826,47.67035840983977
827,30.902347367318335
828,3.9507259254769744
829,148.4687938902126
830,113.89839053079119
831,65.23111336473511
832,34.35452924541658
833,80.04911323848198
834,69.06738528321014
835,33.42765924663588
836,2.9231575362446804
837,301.46255736695866
838,203.01504824718413
839,471.59082679053927
840,140.11097508031793
841,630.0861595326186
842,138.90976354416435
843,154.3219558224702
844,141.48709605707424
845,252.7207725603146
846,139.37612690093624
847,53.898800882567954
848,260.834017897592
849,236.33482236980677
850,641.5916643624751
851,908.7841098180975
852,2394.931264559339
853,378.384254247226
854,77.85316425569911
855,477.20075804415825
856,471.9433329416219
857,826.0798949694679
858,207.04394009254054
859,102.13900372990081
860,55.632355902478075
861,1464.7699911100822
862,54.289049415313855
863,243.0416255063704
864,347.752484203673
865,71.76462909141203
866,256.93456697797575
867,104.3281815960972
868,6407.799420438599
869,492.1306829760169
870,346.5244294297808
871,101.64236613789964
872,22.119200611765
873,59.5118777440325
874,158.99616480034237
875,65.62008085114732
876,80.92758055227017
877,107.47338469993596
878,63.3925200872323
879,170.02862033662973
880,148.37997219528555
881,545.2665602447877
882,97.37545536669444
883,467.86889330805985
884,345.5832054470613
885,189.1456723418521
886,25.469692693285147
887,112.81932435757616
888,99.403410152243
889,157.56563627055482
890,57.68237501187528
891,197.15249361259632
892,140.36648924779908
893,657.5777846866358
894,728.22636053104
895,63.45609100583885
896,123.02744906327726
897,78.05221345289686
898,79.63497073216877
899,100.11026420867645
900,277.06584356986684
901,72.79919843331203
902,141.53945959693246
903,171.85879881099595
904,98.8933801076888
905,195.3062881155235
906,2723.441879667348
907,176.90155230323666
908,128.47757499620215
909,77.44868390489509
910,1390.786432950485
911,837.729892456809
912,156.34623481802666
913,34.02963263979579
914,454.60812640335035
915,260.829789169908
916,199.3156854657587
917,66.39868688284169
918,127.86768488767692
919,3572.40739372556
920,218.2365543174534
921,449.18389312367145
922,9918.24502040509
923,187.31530709915032
924,495.5262300258005
925,247.54736189569152
926,289.34733319256236
927,375.0583391474743
928,245.76503435706394
929,158.08264738120516
930,348.221577138633
931,249.42454784129362
932,1045.5857112762742
933,319.66373378426715
934,256.062145231601
935,41.55639816230437
936,135.1584626414015
937,178.84442340758645
938,466.16086254970924
939,41.13715767512853
940,174.25289768745296
941,447.7297763955785
942,396.8285388578026
943,339.0727853373306
944,842.4387382016422
945,100.01450329632307
946,379.40631145405047
947,162.87480127521405
948,146.4844681050929
949,1960.9594653375652
950,268.32728061807273
951,116.69185507605553
952,1047.0210933641595
953,430.40447195229655
954,128.77762283659038
955,229.8729357217402
956,181.52720371620444
957,173.49444345226826
958,599.8464341368119
959,149.89247637534802
960,203.93406017436553
961,57.58591285844591
962,176.95158084350408
963,202.08418117098293
964,57.39645533999204
965,401.27865489705425
966,837.2075607141104
967,173.42943095863524
968,413.3478986591964
969,145.1775862092167
970,365.2783118169918
971,265.3430966939984
972,1002.4478310948759
973,144.2882740992138
974,327.2761749431694
975,165.99846326663595
976,663.79283427231
977,246.19197600653928
978,165.71114486888098
979,158.06026120135456
980,138.59046967930828
981,697.1269322233247
982,896.2579515125286
983,215.38322438375988
984,165.6557630462268
985,150.52758071633423
986,317.17382225992276
987,129.39765289466004
988,189.8216917268105
989,90.67038235701472
990,450.34328482040695
991,41.167033460360145
992,213.83094744184191
993,153.67670448429345
994,272.4279543074724
995,60.703182817016184
996,80.93549174082342
997,177.1307196416273
998,44.76890932836786
999,60.584564285790506
1000,1192.9222898999835
1001,27.709681747714686
1002,60.31174628376528
1003,577.6533682990569
1004,52.505213322537784
1005,24.489853203374885
1006,4.662838825093609
1007,5.676754863541331
1008,14.396117763555912
1009,37.64773420042316
1010,17.94619253461035
1011,22.79584610519989
1012,25.254621065173346
1013,572.9405261779418
1014,257.48292010488467
1015,95.16648417981166
1016,313.56160671802587
1017,153.0623209996792
1018,560.3335430059592
1019,231.9049724643171
1020,84.7987190778282
1021,526.2589139717785
1022,460.1807989370415
1023,1842.7228684686468
1024,978.0100845517645
1025,71.88114015017041
1026,62.556118669333614
1027,213.92405950886845
1028,65.36309919087931
1029,291.6826313488883
1030,140.713692426342
1031,1298.9617666707752
1032,171.19409082963938
1033,283.7803467377146
1034,320.90078435252894
1035,305.22299269491344
1036,138.9442112299168
1037,139.70975458820232
1038,643.1992204778687
1039,156.10316178959292
1040,286.60470815358605
1041,4546.263503248616
1042,115.26555451419456
1043,463.89178290317597
1044,217.2511211030613
1045,165.2097504348144
1046,12.47674676954621
1047,159.18118583618804
1048,284.0540896856512
1049,270.75566067794335
1050,294.3098885770996
1051,367.480965975582
1052,462.6789784486664
1053,154.3757568883221
1054,386.1816629010759
1055,8.436732273537478
1056,376.00058605924505
1057,389.387245048792
1058,1085.1042900592156
1059,115.67592176729828
1060,132.89765172995777
1061,590.3279186821977
1062,540.8733965918395
1063,102.30834050459674
1064,286.5347448418003
1065,1091.824543287336
1066,58.48963526590214
1067,225.73324311986207
1068,486.68904515515777
1069,125.8799979343
1070,82.88358862068944
1071,38.924326879683115
1072,265.3070393913919
1073,783.3838894729029
1074,175.69002119852507
1075,473.0653644160605
1076,161.0017406459587
1077,133.81632658194798
1078,72.3981873857597
1079,71.5223163417613
1080,385.9913031105883
1081,197.89298450487468
1082,366.9908283396077
1083,179.78745038412987
1084,182.45009587796602
1085,65.08101989573747
1086,686.4181485830777
1087,118.55164202592425
1088,183.9783340216261
1089,244.48328396196143
1090,112.7186085963097
1091,1317.8806977549261
1092,64.49891409405609
1093,495.37999099630724
1094,509.60256317991326
1095,139.64295190549922
1096,101.46721260486956
1097,175.35247914921618
1098,378.10721880805215
1099,217.35950683461496
1100,54.28559360599759
1101,211.50890896419136
1102,292.5198712912522
1103,260.8943469190001
1104,123.56922779964928
1105,46.62602186517066
1106,117.13058828893313
1107,84.71154523256467
1108,90.05486897664791
1109,5.4256847289094035
1110,587.5043082918507
1111,191.50680508063715
1112,205.85485347893808
1113,220.3695941935175
1114,134.53020032209946
1115,293.3620323659764
1116,247.54370268953912
1117,1335.0931756791445
1118,197.58927544876025
1119,929.9583046516393
1120,137.87970305278455
1121,157.16943220815318
1122,104.7700771301492
1123,351.07456279584505
1124,206.86877514844173
1125,56.41141048293476
1126,296.96803194479565
1127,38.87641445143436
1128,134.4579879377076
1129,48.586610465779046
1130,778.1449389279896
1131,277.48152555237783
1132,93.0322409328167
1133,111.2185636101283
1134,203.33785927925373
1135,186.29557016498794
1136,106.41697186086476
1137,158.32517891022633
1138,484.0023710668233
1139,49.83037057485658
1140,563.4030912785679
1141,122.57738234869304
1142,44.606791944996395
1143,118.35242888801932
1144,298.6109341185865
1145,60.62349023007587
1146,44.670499031210774
1147,86.88416263619557
1148,596.924066301072
1149,190.2277187483177
1150,48.32807511767451
1151,110.68458606184633
1152,430.6333674182148
1153,153.05706611212935
1154,102.11066212548565
1155,263.39244726856015
1156,2620.080274992029
1157,151.39094228822097
1158,130.2709495121033
1159,165.0678531843759
1160,252.8958088111022
1161,582.7641696555154
1162,304.2720524818855
1163,792.8963907355189
1164,102.21710556211077
1165,179.10667992111257
1166,218.6086894030967
1167,78.57508621151379
1168,103.15560485542565
1169,19.854605268150454
1170,67.22918618477519
1171,432.7381161276642
1172,249.45392648981726
1173,738.7478267276006
1174,158.81363065092052
1175,188.97925174744628
1176,101.85127882695937
1177,297.85452778963054
1178,31.952344479933974
1179,97.72860774416999
1180,95.17723959059866
1181,74.58164391483358
1182,56.91811060467279
1183,491.50663222896054
1184,121.20339596712849
1185,142.28076100149195
1186,40.20929686463208
1187,236.55185642188266
1188,384.7723949562643
1189,147.23952188379883
1190,220.3805228272457
1191,46.60961678327567
1192,42.56144965707887
1193,66.4968779726014
1194,86.647714809367
1195,62.10562917520099
1196,39.753182674042044
1197,465.29609634396166
1198,30.784453958212133
1199,265.77667368073804
1200,33.586810772343895
1201,160.98761528893786
1202,190.6460682124648
1203,53.54781990566806
1204,17.14293870307266
1205,25.023777175328167
1206,53.803765545382795
1207,39.31793156993572
1208,88.7588631859129
1209,31.83977350958954
1210,559.2183433842164
1211,6.44512356037544
1212,22.51855396518948
1213,17.144451031958898
1214,27.83549004144989
1215,34.96394803119208
1216,21.059903207171494
1217,124.93446335350596
1218,304.29816948243825
1219,93.15613554848122
1220,67.02842269808798
1221,112.4326540895681
1222,14.325869179872567
1223,236.31746825033358
1224,280.70326281383507
1225,201.54316374017327
1226,1812.9659006160246
1227,66.20163459589027
1228,55.181105003559836
1229,323.2805700518381
1230,591.7268915125359
1231,154.76078583809328
1232,7.2192578876629305
1233,159.5478418726404
1234,20.35434613532328
1235,81.46590843698147
1236,83.09684642753334
1237,116.31620297180899
1238,155.30798667796927
1239,215.47279978116998
1240,173.63447672145276
1241,9.409604551400777
1242,193.13236041843138
1243,91.74145088234273
1244,128.69137636271904
1245,119.5388968647995
1246,316.5528334805118
1247,80.25236097232226
1248,392.3577957029704
1249,136.25945080310564
1250,80.27375524856838
1251,103.34816028092075
1252,163.4330002498655
1253,403.2593512574863
1254,108.74833606757905
1255,112.13015358032995
1256,161.84952747634497
1257,152.6122237668405
1258,123.71384900933124
1259,646.4008429332297
1260,98.97211486169658
1261,396.0223245807548
1262,325.5078448719886
1263,501.8311086332906
1264,608.9098382976688
1265,1009.5959391203272
1266,138.8269253456222
1267,334.01832287270304
1268,124.24389780206528
1269,181.5878050707536
1270,333.81085546181043
1271,198.63606719462976
1272,313.0594797808897
1273,293.9420123966641
1274,338.60406865872267
1275,205.73748849355383
1276,215.03411295537524
1277,242.7416523690446
1278,136.08244791743502
1279,392.2236745451601
1280,174.98621227819092
1281,1238.6047432522087
1282,247.84110096723992
1283,187.43235140892915
1284,5573.227234135962
1285,880.922890019115
1286,212.63289165075952
1287,395.7663428027136
1288,133.554712165626
1289,63.1390833837295
1290,101.00374589446552
1291,241.72796829028087
1292,197.33787370348765
1293,54.51322676157844
1294,615.6810265321574
1295,388.77685549054735
1296,144.37843288929167
1297,631.6148903059541
1298,141.32971729429795
1299,626.5944436101107
1300,300.0410836276602
1301,743.3077888491924
1302,157.9774523636405
1303,183.984299602348
1304,203.62418683202824
1305,2102.792454357581
1306,595.0450196064617
1307,61.41964062257083
1308,165.37747541522768
1309,51.67191175684163
1310,206.44278188987366
1311,168.23309286635921
1312,162.08508512650383
1313,101.07736476506423
1314,284.0807741053033
1315,197.59323264054683
1316,456.14287017743084
1317,347.4254726166159
1318,521.46559300693
1319,205.54333566835345
1320,173.40313511651206
1321,230.12529125297573
1322,410.5955400842675
1323,341.7598688767464
1324,1830.3680721631724
1325,277.970324707157
1326,55.789195369582316
1327,139.74293469117222
1328,374.9313829951222
1329,469.5834062694729
1330,1248.9831152946756
1331,340.4765001456504
1332,113.31695984941913
1333,807.4888083756537
1334,485.66344333568145
1335,204.1751715860895
1336,197.36281125722132
1337,225.24391372567342
1338,92.57573420116768
1339,80.01133346875203
1340,62.8612363159014
1341,461.50169262137666
1342,145.41148162575126
1343,69.71225885375907
1344,143.37480391254897
1345,164.0141488787747
1346,311.4665658795087
1347,81.91542660469064
1348,146.57956377135477
1349,33.614576999680224
1350,364.31446388933296
1351,293.77876846105727
1352,69.34901578415823
1353,124.34340848726256
1354,304.3286421497356
1355,117.18136895857542
1356,41.00230530536446
1357,14.417506581085373
1358,9.682029512432804
1359,136.58236161846378
1360,59.12451440159417
1361,199.99715216843188
1362,41.81211980385017
1363,26.544015097368483
1364,10.218637576742655
1365,108.56694229810913
1366,119.81738362248669
1367,159.36923390033596
1368,54.40518621216889
1369,46.95595449325932
1370,15.644049156134505
1371,48.43566329156861
1372,151.92064999531988
1373,36.46777921795194
1374,183.16829036501517
1375,239.4137634913768
1376,257.2788221824247
1377,20.960555353296396
1378,29.145120670110778
1379,237.05444776209276
1380,34.71611601610709
1381,77.52649841393766
1382,4.755880453662439
1383,176.05524271653078
1384,457.23387724995007
1385,815.2653330519155
1386,742.1188964089637
1387,131.43305053378475
1388,340.5979609867163
1389,82.94352559574052
1390,130.770775832335
1391,243.0263283390963
1392,650.9945821900661
1393,91.55750974066854
1394,279.7111857174513
1395,7.251773892579733
1396,6.02473013976706
1397,39.535655672232764
1398,893.7012369288784
1399,549.9735812998144
1400,82.86102464497618
1401,162.51165797816384
1402,478.2205743666568
1403,411.80022051254974
1404,22.015154815846238
1405,811.0594610611256
1406,208.6874083723971
1407,101.73687195018786
1408,154.18632206112042
1409,102.83617891782184
1410,511.9441036249206
1411,350.7529570184226
1412,82.07443905935072
1413,66.10447836813901
1414,279.58370666303455
1415,170.81484247358034
1416,40892.733322134416
1417,61.94789690351564
1418,6233.07532788987
1419,379.70222285931254
1420,531.333893527899
1421,72.63591659467619
1422,102.6474162364752
1423,80.38173210257082
1424,374.9158293520232
1425,165.1880878644804
1426,50.43248251409113
1427,440.20906238812177
1428,66.55623045381249
1429,766.5618000500228
1430,495.6091731137812
1431,307.3529698817243
1432,2540.300913108588
1433,2091.060746009955
1434,388.4483098877163
1435,57.69181003265157
1436,40.965340461743665
1437,79.15088839329145
1438,168.7725516095551
1439,48.52091599911465
1440,1314.971212977765
1441,100.23861383752173
1442,177.2741105269753
1443,47.45731226904177
1444,80.7616626172947
1445,416.0855722451878
1446,341.68018886625543
1447,2449.699086706621
1448,147.25363462441393
1449,139.28809558930098
1450,926.578364060819
1451,402.89243849666235
1452,495.21277858771595
1453,150.03363307174752
1454,112.76634730047724
1455,661.9046279611081
1456,102.9914953816525
1457,156.43341004313552
1458,53.48756902100059
1459,59.73898926813934
1460,288.4900087972245
1461,650.4230425232687
1462,20.732267702900003
1463,139.43342695168062
1464,90.33429255804029
1465,144.33217645966175
1466,47.31276121243702
1467,106.96656895587904
1468,163.7244096852019
1469,97.63009709122106
1470,43.45395243662867
1471,3328.300506940951
1472,111.73002093828379
1473,427.48920602830896
1474,301.98899242282283
1475,215.63982581970933
1476,598.6662965078241
1477,137.49713188368503
1478,34.441871659794245
1479,328.9916691596087
1480,302.6296050349864
1481,1007.1451572246791
1482,211.89038476996737
1483,46.27618148285138
1484,301.33105613395225
1485,769.3910557124982
1486,85.47036504947663
1487,908.8400126596
1488,193.74260771245724
1489,689.9247060291293
1490,97.96590618749427
1491,451.95456614860007
1492,873.8128734119935
1493,83.93652542509109
1494,43.8943446415901
1495,383.08356653017773
1496,360.9297420716654
1497,212.33430144081007
1498,nan
1499,123.92362296168598
1500,78.68171612610895
1501,444.16968597409794
1502,258.8298614901464
1503,387.4462322134051
1504,1386.7627910590354
1505,1111.5563463443987
1506,422.6714218029165
1507,476.40637057565885
1508,308.5537084376588
1509,174.41125653987066
1510,194.702813248709
1511,129.08858901054242
1512,331.44694466221426
1513,39.16452409320481
1514,294.26021315645323
1515,294.75256619606085
1516,59.479990008629365
1517,94.27904290481379
1518,180.64765234573738
1519,nan
1520,209.08403326673027
1521,272.5675066890636
1522,416.5578457091261
1523,662.7115303377198
1524,189.83717025801937
1525,251.97113013061977
1526,166.84177018767517
1527,465.3635498551876
1528,116.63867247878085
1529,278.0602058164927
1530,236.40898614607372
1531,268.6659176890247
1532,184.47958991938694
1533,110.01936701106636
1534,324.66844394923874
1535,72.9447580376383
1536,101.05866588685483
1537,215.322535625272
1538,93.95972471830022
1539,51.211499555170505
1540,243.44201163389798
1541,443.3641076887392
1542,233.3873830643565
1543,321.86547612776656
1544,152.14284525037058
1545,91.55685487266918
1546,228.18173679427647
1547,24.028393020604508
1548,330.07557766260936
1549,nan
1550,146.36067774257697
1551,31.15212156443094
1552,555.1194687604516
1553,92.03905355851893
1554,32.034839813452486
1555,25.199479257666102
1556,55.19671046375919
1557,88.06641448892772
1558,71.80207558345279
1559,123.71992526864518
1560,258.54812435262335
1561,130.7798801785536
1562,147.10856964415336
1563,203.10093254875022
1564,170.10858003277627
1565,64.84677056928527
1566,184.72104051164135
1567,14.85615247155204
1568,16.867998279247274
1569,36.06397645868341
1570,56.231393947341395
1571,205.6297992865568
1572,15.1359322043974
1573,68.69485731503606
1574,108.99191326744848
1575,25.969281979364542
1576,132.64959774511883
1577,111.45640604708406
1578,122.05828450379583
1579,253.70674828119277
1580,461.6482766253857
1581,67.8605854822782
1582,82.84210093396065
1583,77.31238304699166
1584,96.82189101259785
1585,174.3966199788986
1586,58.41265370341605
1587,340.88538506653646
1588,123.87003866078925
1589,70.95743516625738
1590,70.15547322372088
1591,268.416731468792
1592,161.72185179882896
1593,292.7749598312219
1594,291.9028862065301
1595,756.4073799278532
1596,246.69222761785815
1597,96.2650010835077
1598,165.17209877121613
1599,195.1286782273522
1600,99.05743041492677
1601,79.93914360541768
1602,115.4754838754305
1603,179.47677880799228
1604,43.18109543857598
1605,3107.30941023473
1606,147.55770256809697
1607,280.8241551598825
1608,204.84463151099166
1609,106.35594485571896
1610,467.196738310771
1611,204.46979547751076
1612,773.087359288302
1613,188.04951450738963
1614,471.2828527154639
1615,522.5984468918393
1616,314.5946787487081
1617,579.841794723512
1618,99.2624973867847
1619,186.7659099547694
1620,178.24497613328475
1621,910.944717466329
1622,107.33326350077688
1623,66.87757393594588
1624,165.1929715414103
1625,1245.8918137650426
1626,85.99371202149473
1627,504.4329489827587
1628,10.036300904168856
1629,2691.667898274929
1630,176.17003934155485
1631,943.280154469611
1632,189.611091963483
1633,163.40455793656707
1634,372.69153545779506
1635,576.4992996678412
1636,134.963131389329
1637,1225.3782237512387
1638,nan
1639,nan
1640,139.91035444069882
1641,49.12913960709727
1642,45.11012970776278
1643,72.57640255786652
1644,118.2181337941872
1645,597.0860459166851
1646,13.236807223913866
1647,180.93343063946926
1648,21.353484266609463
1649,215.21557611465866
1650,402.70248246055706
1651,17.905616442712866
1652,495.6108273906299
1653,1264.6032960060509
1654,283.42995684951063
1655,320.7473445777655
1656,nan
1657,268.94970276352825
1658,134.32885913464904
1659,132.8973982480452
1660,15.083182326867927
1661,98.10394915890774
1662,302.7072511061386
1663,101.80709292260333
1664,130.0618418781377
1665,1156.0892720174243
1666,nan
1667,56.88508999118402
1668,52.572491740694076
1669,317.6914859468837
1670,559.5442920760257
1671,58.43326879992677
1672,498.5770478062799
1673,59.72366588954724
1674,30.3455351021922
1675,90.53213583370477
1676,252.98904215455298
1677,253.08858525806457
1678,nan
1679,125.57897661869657
1680,146.30555386022795
1681,279.84552829256785
1682,187.8983933348465
1683,510.5766977916191
1684,375.85538835023283
1685,404.80040841055006
1686,120.08632616238438
1687,252.6725744949838
1688,89.72696487053982
1689,40.70678036849268
1690,91.32332251600577
1691,42.6329882818177
1692,62.012532522341864
1693,151.1426000716377
1694,79.89410087842921
1695,104379.34463024628
1696,25.811494642638518
1697,22.648985071794563
1698,34.18939219620131
1699,193.31091853470377
1700,139.09727541596789
1701,65.21319956454921
1702,53.060242419536415
1703,41.94636518357961
1704,73.33774511728656
1705,99.14929639539179
1706,73.70627431686262
1707,264.8214396240117
1708,140.48380303417704
1709,23.43399343953094
1710,133660.29082494657
1711,26.15473430059856
1712,144.24961254980624
1713,134.96892350285643
1714,2262.2677109245815
1715,81.46509267564817
1716,118.12555284219088
1717,186.75842932282305
1718,nan
1719,159.4472980014883
1720,73.09681265952078
1721,2052.6811659500218
1722,110.76135264385377
1723,90.8528878149847
1724,223.88218146904273
1725,590.042275170575
1726,nan
1727,62.6969210130206
1728,242.00187744441772
1729,178.9345867352125
1730,194.1254538899271
1731,47.55875503230199
1732,132.41217174985076
1733,403.83412786275267
1734,nan
1735,113.59985479672365
1736,215.80626099795188
1737,79.91513290103343
1738,293.2832871646481
1739,156.6731871774766
1740,20.02627734727304
1741,131.27308325845632
1742,178.0942608373284
1743,577.8630211908721
1744,445.90960535384835
1745,53.493920108275596
1746,236.09783472485967
1747,416.84635671204217
1748,236.97782149090352
1749,45.289784662246134
1750,220.20509969369866
1751,319.26934236103034
1752,1811.6333477564367
1753,473.2548854901872
1754,137.34661441472397
1755,224.3569982516603
1756,2818.0648207237577
1757,513.8441422888931
1758,286.5078299145218
1759,nan
1760,210.17979543031498
1761,633.3185352015367
1762,64.90938559186944
1763,255.19974364289894
1764,368.552470804537
1765,3367.016443442466
1766,309.7879416786798
1767,173.46540814447317
1768,107.57500486776306
1769,350.80229984155426
1770,513.2451727864734
1771,472.78460670763883
1772,522.736768062864
1773,89.39846430011887
1774,227.23730616710753
1775,272.97435717815847
1776,4915.678219649887
1777,153.88737864444755
1778,164.8499690646824
1779,144.7487423222625
1780,210.8661282355741
1781,53.70442894765755
1782,1164.567816011543
1783,330.3983896297761
1784,128.4139386271657
1785,nan
1786,226.93487155462338
1787,412.8993463387074
1788,298.08811354120576
1789,248.37786333901093
1790,182.9971811006813
1791,415.94532350839467
1792,221.02922347398197
1793,45.819582314923856
1794,182.891365500607
1795,208.2598548258603
1796,182.0253400366582
1797,347.61355370840687
1798,370.5118844223013
1799,111.10576631801662
1800,240.26761131973458
1801,13.901475181796691
1802,8467.165115760909
1803,70.13583921534568
1804,22.786885628841805
1805,251.07892359865778
1806,169.9104526624532
1807,95.3965606812475
1808,141.47886540729564
1809,122.56580990377013
1810,273.77160409425034
1811,149.51221592252696
1812,38.42179577981011
1813,854.0962300676778
1814,202.97787848470875
1815,96.81542766978687
1816,33.602517582163
1817,245.14003634519605
1818,229.78613944202303
1819,130.98845580724594
1820,103.72816723886729
1821,16.709060361713874
1822,60.55135107588128
1823,67.88252805729857
1824,62.33110595322146
1825,35.55219884550665
1826,203.56050209345014
1827,162.93360410881834
1828,136.58490161634325
1829,29.660106658425907
1830,225.08136174149544
1831,37.88848989967598
1832,21.350826894802665
1833,23.54136010694626
1834,109.25666475429401
1835,74.00900840397443
1836,327.61686948844743
1837,155.0501136838187
1838,194.0133885448478
1839,260.79981691827123
1840,97.49597510636949
1841,449.12456708456796
1842,161.8536950269122
1843,479.4871496191353
1844,123.15610790816599
1845,118.3656918175322
1846,134.13268010916164
1847,48.87610681420903
1848,269.09761014843906
1849,47.39991356599455
1850,399.4587066711873
1851,501.710280863237
1852,527.967318854202
1853,107.47128358103775
1854,78.63693194720216
1855,25.110854894864428
1856,253.33187643386026
1857,125.22952080660802
1858,162.6140566251837
1859,109.62148708058426
1860,144.63669466758932
1861,86.29517487457461
1862,709.9767882650455
1863,86.7558257617062
1864,136.69520911964992
1865,30.66064989680434
1866,239.803827849021
1867,95.85093349104635
1868,35.73440461030759
1869,42.40512186287144
1870,56.916672167333346
1871,42.04958013516068
1872,191.21690882930372
1873,107.97462110235651
1874,7.532433822633066
1875,5.800180468714415
1876,811.0501792753114
1877,131.91695351194485
1878,213.2674305741055
1879,120.48535676752951
1880,94.60156640552184
1881,13.014639616106276
1882,13.809330886157825
1883,3.08970568280164
1884,nan
1885,15.182773123465708
1886,3.784818991237922
1887,nan
1888,5.567079258720203
1889,1.5069128052323923
1890,2.2799237039292737
1891,nan
1892,nan
1893,3.036601229871228
1894,nan
1895,30.895208896698
1896,3.8268366127322477
1897,1.3452627868703249
1898,1.448267052994172
1899,nan
1900,3.010451658962809
1901,8.208707838205893
1902,1.1512208028718989
1903,2.4882883053514155
1904,1.6057028683864916
1905,13.795496566459592
1906,1.9977323798990405
1907,5.26764139035509
1908,nan
1909,2.656290071909655
1910,1.570660659196465
1911,7.328728071396346
1912,1.9376034534782216
1913,1.3332230082023118
1914,4.344299130694532
1915,2.1590976815635923
1916,3.516060777593146
1917,4.228901785511329
1918,1.6028131000583086
1919,nan
1920,3.2562953475726903
1921,63.94981899857439
1922,1.5517670673363664
1923,1.3430257937875651
1924,3.505470659616163
1925,1.1998727706324683
1926,1.6479154452936349
1927,1.4172010910588664
1928,1.5460597471206718
1929,1.1998727706324683
1930,1.2589691786265087
1931,nan
1932,1.7987542942167711
1933,157.66822640406917
1934,33.09002294476663
1935,297.73326047945153
1936,126.00130535343402
1937,155.2119649388655
1938,320.65574405298764
1939,91.76389518825493
1940,528.060979811079
1941,66.69401400604347
1942,107.39003767247543
1943,457.3921916018318
1944,90.8996876600066
1945,69.93453201004674
1946,70.75957295590703
1947,68.5179396679427
1948,32.98762112967491
1949,103.12599767295404
1950,153.06837894113784
1951,82.26137014674082
1952,222.6490429021909
1953,149.67563738739108
1954,81.92249682757453
1955,61.000862554008
1956,390.59916658667106
1957,42.26193120041585
1958,25.808780897820263
1959,173.01396049592782
1960,167.15950220587192
1961,46.44721193740389
1962,144.71830700610911
1963,413.54307336448744
1964,115.66240870508312
1965,545.5130991459961
1966,115.79335879302857
1967,549.6608085986056
1968,104.36724073549613
1969,21.925859733289983
1970,227.20187678179755
1971,70.90575389963885
1972,1042.2108370972094
1973,123.01964699080844
1974,205.40675415110638
1975,155.18887527679792
1976,54.314877875871446
1977,65.89243021784814
1978,100.74890385871556
1979,360.3409363355378
1980,104.44550249644398
1981,44.498626200776215
1982,157.1547438263721
1983,107.67831280519597
1984,173.44067819651514
1985,121.31354409636596
1986,176.9568966799533
1987,589.7584571840908
1988,630.2240804839513
1989,75.04654782257703
1990,219.70910479406868
1991,96.04537791957952
1992,254.78342141893157
1993,17.110329417173425
1994,541.1042739913972
1995,298.53818231113866
1996,150.92172168282733
1997,65.75962638137493
1998,54.377434908955166
1999,20.903174097695263
2000,177.76532254105345
2001,279.1628787665299
2002,nan
2003,95.26705157847714
2004,150.9428089257464
2005,116.97034628496952
2006,35.76826106978886
2007,52.885598692718794
2008,100.12845338885863
2009,228.10069107007908
2010,199.8034621581815
2011,106.9601934415406
2012,92.94227552628898
2013,106.59807735118306
2014,187.53256724063752
2015,735.6238943951479
2016,141.4166113310974
2017,518.2853458913573
2018,84.27151303871489
2019,180.75691027540645
2020,70.88898587552791
2021,102.0452435178231
2022,50.83824616963317
2023,103.89954417618021
2024,711.8371470812573
2025,114.08809367253755
2026,61.76691013802137
2027,80.43468187914479
2028,214.2799514133096
2029,170.485528677202
2030,119.84475363745184
2031,88.77630219078712
2032,80.5102368512452
2033,160.59467562107164
2034,151.04605657213796
2035,70.35828869057255
2036,101.24923821844915
2037,127.7039578640447
2038,100.8626325833444
2039,113.52242005654841
2040,67.79641667805885
2041,119.46954727346007
2042,79.86473389400886
2043,118.89380112193889
2044,91.54450057419372
2045,16.547804480385402
2046,12.75433860160825
2047,92.07930732511291
2048,41.78726504133645
2049,14468.098825068128
2050,128.8920114997908
2051,4749.268693456
2052,6.784447880630656
2053,371.7451723930247
2054,13.455646759932227
2055,29.081491145636296
2056,11.113326245386743
2057,4.970265731104223
2058,5.866454177136813
2059,nan
2060,22.55396244082835
2061,nan
2062,5.645792286327898
2063,8542.237407834711
2064,8.456512119085094
2065,2722.565439879255
2066,94.96095842655141
2067,nan
2068,40.399320340812196
2069,nan
2070,11.791982633936883
2071,-1
2072,9.882938333950726
2073,16.733961403143066
2074,34.42443467483454
2075,1955.7180003671813
2076,174.01035999556612
2077,nan
2078,97.30829109582731
2079,146.3330434286981
2080,34.86888808048059
2081,-1
2082,25.83707077197908
2083,1078.6213411268134
2084,15.806515520844892
2085,720.8774362257969
2086,186.66031830120593
2087,18.996244188258128
2088,12.35188554667573
2089,18.164075543058164
2090,6.501301341222868
2091,5.548636581329427
2092,24.29603915279139
2093,7035.966873088461
2094,135.71482911527875
2095,161.99537836979053
2096,193.39546408677006
2097,114.84234952705063
2098,160.95860078036986
2099,51.17446849906068
2100,18.300398164437635
2101,80.28611983624486
2102,51.17671352201191
2103,74.11265778640134
2104,323.26407618846224
2105,63.39838457285054
2106,331.3361727770579
2107,282.96866047019
2108,152.04399532220467
2109,30.275473369011742
2110,208.6010516423837
2111,89.62741630264998
2112,94.1162639497974
2113,52.78578001531359
2114,122.10095397171722
2115,174.24508737837886
2116,188.29635578086436
2117,125.2256991632372
2118,115.83068986286415
2119,236.41191710755967
2120,391.5638384782757
2121,260.55805070870514
2122,63.195408696471894
2123,139.44519565422863
2124,363.45470395083834
2125,79.97006324432296
2126,719.8716644263657
2127,142.0790659542745
2128,148.64227318989876
2129,214.36927241059536
2130,299.03284510460486
2131,26.254027467496172
2132,175.31820052320154
2133,27.647597422868333
2134,177.29854163552463
2135,178.01648930671308
2136,120.52736142318004
2137,196.52419639678587
2138,96.18039365280409
2139,658.0702543132434
2140,73.95312976100745
2141,117.57999739472606
2142,576.4992996678412
2143,86.9011504315797
2144,122.1554621813568
2145,296.02064859645617
2146,62.96632498967652
2147,154.11583080453863
2148,146.27088529791556
2149,409.12078462722724
2150,142.0032755173952
2151,132.18071712432467
2152,320.770439991314
2153,553.2284922567493
2154,68.84494644351216
2155,66.13468245297969
2156,214.09805206163293
2157,312.45578367295667
2158,58.527131481991006
2159,136.161440952622
2160,157.3731125880828
2161,207.23555762151594
2162,168.19427096804827
2163,342.61715413747044
2164,74.80299765262755
2165,39.62998123452411
2166,3.470400781527155
2167,38.15943290380933
2168,726.368194459578
2169,86.08626907026982
2170,2400.539292102803
2171,783.6009500831875
2172,8366.101808363206
2173,253.36823925700352
2174,125.85593050690385
2175,529.0015306743572
2176,326.30880286443164
2177,84.30684199243474
2178,515.4158942194778
2179,226.02998067216026
2180,186.76475221832297
2181,118.74433905835579
2182,156.3955958300491
2183,919.6890690833626
2184,146.82719954012518
2185,202.97942708893228
2186,85.33915182432354
2187,14.759161574627148
2188,39.15975289570794
2189,255.84721747844756
2190,39.32032204457293
2191,87.52748997733207
2192,311.4043427049776
2193,147.2263933346738
2194,76.44173205096432
2195,888.8613938090825
2196,144.24803053624905
2197,45.502016917519754
2198,41.05053768458425
2199,11.714301232074382
2200,6.871086660601704
2201,24.66248845913336
2202,20.235701286467602
2203,95.20038826788323
2204,111.47447734095925
2205,23.134240465341325
2206,48.408198479650224
2207,8.416424776868382
2208,40.138016319892174
2209,-1
2210,nan
2211,46.760413682224986
2212,417.4188032379771
2213,668.4148665994635
2214,155.58795056173844
2215,412.9645206654636
2216,49.12651589803518
2217,11.246482233581492
2218,118.33736174600625
2219,69.04838503931428
2220,105.33808809968671
2221,9.49601176969542
2222,49.786004840524335
2223,22.86069018990122
2224,33.66241654574788
2225,40.21234553281041
2226,88.43415995709306
2227,247.1577833727604
2228,165.49951394160152
2229,148.73174834569406
2230,131.31922453215748
2231,78.50613877312465
2232,24.89107952193967
2233,141.60251048587284
2234,133.7294474879493
2235,75.01577904680418
2236,557.1133322171946
2237,150.20084738759977
2238,333.05531969033893
2239,215.1061054553239
2240,137.5208024316574
2241,126.92053379749619
2242,73.69780464394658
2243,120.68752705869296
2244,495.3471581177948
2245,259.5887688360242
2246,152.05044797929625
2247,343.21234675023845
2248,200.71932504189948
2249,191.63825614414378
2250,417.8089063311405
2251,197.90166606630817
2252,126.12104576463612
2253,56.166811207365384
2254,62.66084665565418
2255,210.37923062626723
2256,144.16173391979245
2257,212.08153229786566
2258,59.542277781272624
2259,101.64881243429137
2260,75.08065866082734
2261,161.6901606441848
2262,235.7386395946388
2263,36.965987243230884
2264,9.78438459693543
2265,86.4391508627078
2266,5.067422462445256
2267,45.20785939869077
2268,23.1401484622667
2269,65.32016440819302
2270,103.97983510828593
2271,725.8799919197386
2272,80.99861598091532
2273,218.42332374892035
2274,65.80564265530417
2275,128.11266112096638
2276,67.49942656290496
2277,4772.319482684356
2278,47.251109775493084
2279,175.27130818702048
2280,901.3929146550519
2281,419.66823133301443
2282,360.27874143438015
2283,354.6544084168081
2284,198.10182497933008
2285,172.251042300693
2286,19.6423852287001
2287,32.08060702900049
2288,120.98663029734746
2289,96.67758429411785
2290,93.546383513546
2291,161.94687551117156
2292,22.87495291841265
2293,245.03766044298607
2294,126.77978086884416
2295,690.1474626176026
2296,53.00992975938505
2297,128.0717991799893
2298,72.27411765841784
2299,84.94031986773157
2300,119.23410494762972
2301,2108.7005641810747
2302,61.43923686269569
2303,24.93230495919476
2304,19.44301368648757
2305,13.293459763907116
2306,5926.070488952434
2307,51.028862555492985
2308,215.66748754073262
2309,69.98366996071266
2310,37.658372167467554
2311,50.898267325332796
2312,321.13651771872253
2313,56.36521682723327
2314,155.46047000596127
2315,219.73603116845666
2316,154.79303791626674
2317,73.50919409537104
2318,33.56114783222263
2319,16.958837581748742
2320,78.2277081526991
2321,128.50269523318508
2322,30.63066404785775
2323,323.11736409497007
2324,198.02645839495315
2325,755.7314012611034
2326,198.0447779587706
2327,45.88542627518809
2328,124.91319746178813
2329,606.6397622726386
2330,327.8906811057853
2331,567.8758000055739
2332,95.05858894845929
2333,316.84081489631376
2334,222.02639439210844
2335,85.8111058990303
2336,233.9632275270519
2337,69.7222984780308
2338,280.97591322558264
2339,49.10557809984407
2340,2795.0800242280516
2341,104.88919534202486
2342,101.1617937301447
2343,99.33271563721233
2344,24.11062159410999
2345,985.1290763441018
2346,92.11299002681841
2347,174.88177666523887
2348,173.00150352212617
2349,39.032611073776195
2350,743.6715299491835
2351,443.34423536087917
2352,113.460239759268
2353,137.47031892806103
2354,149.51499637460657
2355,231.44165956971378
2356,33.764280631331836
2357,16.507650628651806
2358,129.10188541023723
2359,328.9852373289247
2360,198.05611049608825
2361,32.873581587783086
2362,210.7101342185769
2363,155.3742074090626
2364,318.146424178035
2365,91.63870598746853
2366,52.47833107360753
2367,2.381454758545747
2368,10.75734369187639
2369,166.98837737024212
2370,258.3270450037545
2371,62.18649912889949
2372,158.07367745374037
2373,3.286154799336652
2374,30.850095702167195
2375,199.47380153987692
2376,219.24527454114735
2377,174.1601105835525
2378,24.154896288544688
2379,141.36260805618562
2380,35.25756952297688
2381,325.82976306182536
2382,56.86659380023981
2383,208.07741029053298
2384,254.6920771647169
2385,182.82422658965876
2386,6.330050314000079
2387,23.816155227257923
2388,947.4354537555434
2389,2.628399987662101
2390,144.39943214177293
2391,3.043346450278583
2392,6.587747390799668
2393,3.5215873795878427
2394,736.6924221128805
2395,2.1330212277822613
2396,9.599075336783484
2397,2.2957862336495904
2398,1.7699795135949155
2399,3.8975391375942157
2400,21.077333536871258
2401,255.5285147828243
2402,1.7699795135949155
2403,14.712382266702095
2404,2.7652006738289376
2405,50.301590621273654
2406,1.7699795135949155
2407,77.1755860558135
2408,155.97830849350456
2409,131.94620660589132
2410,165.6180887082185
2411,85.35384321795121
2412,214.87073226330153
2413,30.041737122551368
2414,15.329524487591833
2415,65.02000650706239
2416,156.41893961948688
2417,561.2012387286815
2418,23.676682421752336
2419,77.06004644145612
2420,213.85348235082722
2421,492.645575110013
2422,1098.5523667810141
2423,33.10655510697222
2424,192.60006284328148
2425,69.73792593498189
2426,154.15015359423612
2427,146.16734708110124
2428,427.00474271987906
2429,87.40720504306668
2430,92.9144034764289
2431,60.68628097909533
2432,84.88298740113952
2433,61.44445186298656
2434,45.12972974406627
2435,193.44305450334107
2436,88.41067511370656
2437,33.272363422965384
2438,1102.9014130803916
2439,nan
2440,371.6234134041971
2441,56.100055547144564
2442,nan
2443,2837.7291347329415
2444,nan
2445,210.31674264508595
2446,210.41956177871322
2447,426.7468445732024
2448,104.70340406878859
2449,307.6385961702649
2450,266.674690939851
2451,305.58779239343863
2452,344.47432451030437
2453,347.6805252028459
2454,787.2787976919984
2455,607.7860574368344
2456,105.94120128861906
2457,236.58524660587116
2458,80.19417749913632
2459,89.37762138899325
2460,5.940238288652163
2461,322.02543933503745
2462,154.20220358079084
2463,282.83915734032314
2464,133.81868752085978
2465,388.0227072872103
2466,52.441184153974916
2467,257.36802607774035
2468,148.2339389852229
2469,1930.7223942963171
2470,460.38118333372296
2471,234.10450811504154
2472,287.0531791822394
2473,56.68596263533026
2474,146.42420061433933
2475,521.7384379881015
2476,1499.9794285082967
2477,122.73406848479864
2478,134.6599721475484
2479,484.3565329235911
2480,191.5246128328743
2481,248.26359908854502
2482,149.29713726311735
2483,133.1839509131629
2484,1242.6398715111964
2485,325.5036541146014
2486,274.6100671425107
2487,345.98683934613496
2488,895.0471786952106
2489,77.12687798515279
2490,667.6879316217667
2491,71.97594036326447
2492,472.64800903585495
2493,158.34201526358416
2494,529.5214159985527
2495,47.19569329741022
2496,276.4487606838379
2497,29.23199794590878
2498,292.0535287987265
2499,76.57218936889265
2500,111.11026965469777
2501,46.46102311659583
2502,290.54242061000014
2503,60.29705228548477
2504,65.75718060945565
2505,76.11391082178592
2506,367.3241698571822
2507,187.7714773586749
2508,274.63285239316116
2509,291.4633765664147
2510,174.6715931657908
2511,137.0348994434057
2512,338.232271390184
2513,98.67425334578651
2514,859.4915388717113
2515,120.48535676752951
2516,81.10845738296749
2517,49.70020007838581
2518,266.8302534666773
2519,426.89297451135565
2520,162.70829553748516
2521,10.097277902880231
2522,134.48081466020912
2523,58.4124030240398
2524,419.4179641136196
2525,51.299999111820405
2526,598.9432629012749
2527,94.93433698161836
2528,34.895367966128504
2529,6585.511808836958
2530,106.61434416797884
2531,314.8244285738311
2532,179.97606806768115
2533,212.16750882222235
2534,550.168465965439
2535,14.812808824784936
2536,88.98227350121928
2537,193.67813463762434
2538,47.61624391019338
2539,170.98181685103214
2540,159.89323045164372
2541,128.09048777758977
2542,225.63402269798019
2543,67.40624741438279
2544,631.0711979711836
2545,497.5266315892243
2546,50.728610872178606
2547,33.32499119766692
2548,210.7110384903117
2549,8.928365139731566
2550,25.074373339418436
2551,26.332839303030454
2552,28142.57930503215
2553,204.0422234397725
2554,110.79748408377283
2555,114.43865002602696
2556,388.4205268930961
2557,31.241145214517864
2558,112.76387385311322
2559,364.5937367844703
2560,613.9361181201052
2561,303.3046943488372
2562,506.91821841002087
2563,274.3654412981835
2564,59.257621090024145
2565,494.16002486377823
2566,56.606415230567656
2567,4399.050247591303
2568,185.8210983897063
2569,72.86726842877914
2570,152.76788788230687
2571,260.89111243195697
2572,162.4675712404617
2573,272.04825063285205
2574,94.32427923924224
2575,54.886380307136804
2576,225.31556403264486
2577,115.52510629873255
2578,264.1288352611778
2579,254.71721786123882
2580,11.080371493434729
2581,111.94402633174144
2582,394.05011625396406
2583,72.26550242571695
2584,37.83239841061191
2585,111.93671363782013
2586,183.0368886424045
2587,478.68142362472156
2588,103.92962122889747
2589,246.57956187733987
2590,871.0385384425931
2591,170.33114033843682
2592,338.7332605000284
2593,302.74276133689204
2594,337.6086866987601
2595,116.18848434538194
2596,353.4274268656636
2597,81.73208764124952
2598,215.96427714233624
2599,181.97500505883838
2600,803.7767190170769
2601,1568.775011556253
2602,23.737477541166157
2603,69.40968936648024
2604,154.72706488052353
2605,320.92113631448024
2606,195.42813922941497
2607,313.0473884645899
2608,570.1318408498872
2609,123.12040803504172
2610,162.47779767819324
2611,138.69102155386926
2612,642.7537378486402
2613,186.3969557969385
2614,230.93544094625506
2615,309.0780829896279
2616,390.17232369477375
2617,449.93288826267025
2618,140.29375306163797
2619,327.55376272875685
2620,181.49396813537828
2621,95.73714921172336
2622,69.37034804547376
2623,167.14316289277238
2624,557.2576001131017
2625,899.3724606535961
2626,109.25489344897642
2627,233.13823152995678
2628,207.6183348613883
2629,330.18199200769084
2630,59.870881335888974
2631,232.24160367584875
2632,13.761804738046896
2633,1301.3784067325662
2634,55.618483710854335
2635,224.62686142179123
2636,265.6409781534838
2637,146.00580669810233
2638,270.55884504778027
2639,83.12660912804054
2640,459.5245094737964
2641,187.27752901507745
2642,nan
2643,972.3403581896313
2644,247.0010872258269
2645,214.17902466585957
2646,161.34658364716714
2647,26.850690774013273
2648,1650.9178818537525
2649,252.8179195913497
2650,48.710751813591195
2651,134.5352040370275
2652,13.102087245397023
2653,102.42666230281478
2654,69.5688038304632
2655,72.29872841889254
2656,508.69432008877493
2657,162.52405710669348
2658,86.71715492758027
2659,6.5356817140543475
2660,73.25019715897396
2661,68.74613999526348
2662,37.98351291718112
2663,68.09451869706923
2664,104.87384184063345
2665,88.17204904576185
2666,449.5310110417695
2667,22.14743780559305
2668,417.1734580678256
2669,918.2154344777298
2670,1504.2727451754574
2671,425.1522410561445
2672,243.7965524194577
2673,162.16966046573376
2674,242.98762617052122
2675,3135.1586762599663
2676,1352.8458719086543
2677,84.38386136787537
2678,3134.2349269993556
2679,1239.0076066611912
2680,400.8066942539435
2681,11.39488801366435
2682,893.0430777107429
2683,195.9807749108718
2684,37.94257481856573
2685,263.756799834325
2686,152.03522304785056
2687,315.4605282261971
2688,974.3830156660777
2689,8225.133434849487
2690,22515.50146132809
2691,1442.7458776193205
2692,385.69931832413175
2693,496.93838919458483
2694,832.5597138764431
2695,3106.1065184865183
2696,172.45707962148452
2697,486.0426916835023
2698,2873.843493383208
2699,420.30848178500304
2700,300.0041736477966
2701,10289.970687283829
2702,544.4416741651412
2703,984.4852648403122
2704,530.5374213289216
2705,1197.4268028930503
2706,2434.54672706768
2707,977.194775718069
2708,131116.32423680634
2709,2955.7551217806867
2710,241.67230176505888
2711,309.2691463898421
2712,188.72638565300812
2713,185.41855311084618
2714,2912.8110040056054
2715,748.4724249695142
2716,17.6986173172662
2717,310.4831447818559
2718,290.7040048238761
2719,372.7048641840789
2720,870.4854765019415
2721,579.121432836258
2722,1100.9835315874363
2723,432.0764594066924
2724,805.7026578944415
2725,148.0811294997122
2726,892.6867239928946
2727,243.35705429350463
2728,2016.3795029054427
2729,351.5471311885641
2730,124.76521094230651
2731,695.4078052340943
2732,1612.904352644452
2733,381.8188528983648
2734,470.5395990866604
2735,580.8817760915504
2736,353.04069985280853
2737,53.74653263072772
2738,27.762253253169078
2739,516.5045721907795
2740,260.3002482841767
2741,374.7102958422034
2742,2595.6303184568947
2743,1273.9633125172634
2744,438.09555050453446
2745,1141.1595426030613
2746,1110.3289418241218
2747,131.08580489767874
2748,45.47621559156239
2749,1520.2768850740192
2750,1179.822922298932
2751,679.1639655574696
2752,18036.414304536847
2753,174.4376220809264
2754,71.97738185141908
2755,327.9103818556376
2756,274.90432554819955
2757,270.8278407525176
2758,203.3913877175944
2759,168.1787126397122
2760,256.22006914035916
2761,442.2389207687573
2762,117.51604290421605
2763,201.5356678245557
2764,164.0006194457894
2765,118.77978954153475
2766,89.80880738190017
2767,145.46772529189238
2768,93.46991482320473
2769,80.47830247954339
2770,45.90424682748045
2771,298.3029636995937
2772,173.52100136451514
2773,165.1566624945035
2774,246.63447705640897
2775,20.556106979772764
2776,422.72302058473645
2777,91.26133355663188
2778,206.69247713230226
2779,103.07349288284964
2780,207.06714205982854
2781,130.88013223929607
2782,113.93424142186815
2783,102.78440981927332
2784,56.56456605035421
2785,135.21157870337555
2786,145.01340565620427
2787,142.4797529988953
2788,411.4063112052942
2789,245.22935800932518
2790,75.7499931902805
2791,221.08793625601254
2792,187.81705692634873
2793,159.8880460094103
2794,129.10231633498952
2795,32.46860054292834
2796,58.567639873003706
2797,96.20273122809571
2798,32.4862163624823
2799,1481.7097814569784
2800,78.37982370849922
2801,226.93487155462338
2802,1730.5208499015619
2803,451.2263029999428
2804,1578.5938487055137
2805,395.13464854363934
2806,54.52868234480026
2807,54.4752628522181
2808,455.95867990356965
2809,55.49508617082575
2810,371.868921800067
2811,45.87601889287053
2812,413.72058488511107
2813,355.3560725034706
2814,188.21610357845609
2815,281.85579329465077
2816,73.51532843647463
2817,207.77996596698756
2818,270.1562388239901
2819,148.41797146641025
2820,166.85211283445972
2821,115.68656786268551
2822,38.20921275945931
2823,243.9636627199345
2824,87.62829955843358
2825,128.60132431375686
2826,20.007994065574824
2827,26.901876307544722
2828,66.68571415247911
2829,72.68771513389356
2830,492.8356553487259
2831,142.8319791127751
2832,55.607001320725345
2833,2378.2593784600704
2834,79.13179320217066
2835,131.8083649119818
2836,458.97353824927694
2837,448.18346777511505
2838,149.67735029892646
2839,105.23306118514394
2840,143.5703283812502
2841,124.85835174885798
2842,103.4607776705024
2843,237.8344357115619
2844,1416.6924181520644
2845,5338.3461031285815
2846,136.8076279773677
2847,169.48490428855004
2848,342.49644306285785
2849,39.65975526356797
2850,287.3789958130237
2851,287.1459972131225
2852,32.21297088745074
2853,170.2801416784665
2854,143.61339597035746
2855,128.97962247512203
2856,195.44426131433195
2857,76.73425690848184
2858,67.90703574646066
2859,977.8296231534648
2860,180.28966714563316
2861,383.53502348190045
2862,80.30442138958331
2863,93.47940870010927
2864,34.182325674654116
2865,63.508519893582445
2866,372.35332313143226
2867,49.57938795622981
2868,45.629132750169745
2869,31.59153497047537
2870,50.77761783427763
2871,300.3555747417518
2872,81.47876746856639
2873,57.73322683816572
2874,56.13912500824999
2875,109.89777644354785
2876,36.98335367624733
2877,281.0695806842613
2878,153.1607374875228
2879,113.50899618666138
2880,155.39169320705625
2881,569.1238603115634
2882,106.7605009162859
2883,61.41217284903876
2884,143.03903992762486
2885,35.283831423041406
2886,51.71567698054471
2887,190.9036000811388
2888,402.5707758769871
2889,64.70237426389373
2890,437.76749112351405
2891,422.3913664629394
2892,308.0616575057889
2893,361.494170086048
2894,323.1887084015226
2895,152.6284526026059
2896,103.5311517969481
2897,120.26683580542748
2898,261.184494140856
2899,256.46991708864675
2900,87.19843456163866
2901,7.109073306280107
2902,714.8174578705322
2903,122.53542282635117
2904,91.20247432194202
2905,51.646687489948555
2906,94.44403985500009
2907,142.83647428478042
2908,98.78992675310435
2909,558.9808032763254
2910,149.90698636100666
2911,212.38229883624786
2912,328.5262354826927
2913,64.72199942721919
2914,503.3685152110917
2915,152.88149609183853
2916,143.3458194746298
2917,220.4668150129681
2918,400.8871636507837
2919,421.4520203531552
2920,568.9149365273738
2921,122.9901443785835
2922,182.4976035080136
2923,168.39874801760718
2924,312.8809937231265
2925,213.50033484572356
2926,306.0792487793326
2927,745.1666491160869
2928,158.82082499670025
2929,362.8650666056562
2930,158.59114561183404
2931,202.77076241379152
2932,1344.9531209325496
2933,1527.4269033508724
2934,65.22529706035343
2935,27856.99663264038
2936,320.3924045578233
2937,5.940238288652163
2938,1862.107602513256
2939,1772.7656760802977
2940,1216.7348309692188
2941,445.32951329320707
2942,1373.0687093239485
2943,937.3275899830445
2944,1031.547227659841
2945,nan
2946,406.98222536884583
2947,516.1133678745774
2948,192.33620700391322
2949,113.81174317383943
2950,49.83136854568629
2951,326.25248191475714
2952,416.5683732459004
2953,431.378170139888
2954,147.77696945950885
2955,65.6691933765281
2956,137.5299176627134
2957,505.4919203752925
2958,280.5869714800113
2959,1040.6396258510238
2960,172.58294346251824
2961,409.1676074645532
2962,103.96114458200739
2963,361.59588496643505
2964,281.3903499962446
2965,86.55843380824129
2966,221.00424628295792
2967,218.66144158443745
2968,384.8606559635422
2969,194.18359418695135
2970,271.9054634087014
2971,40.16771235038742
2972,304.08871622672405
2973,40.56113278331244
2974,18.258446593310037
2975,128.4975482480239
2976,98.76915487899159
2977,38.695085585706586
2978,1076.2636762082159
2979,143.1888994746423
2980,71351.93576658603
2981,1530.0912848905277
2982,470.5268101268421
2983,269.71821802875286
2984,533.7994661995037
2985,623.1131637802985
2986,443.8910490681976
2987,559.2186100403657
2988,104.91880844050664
2989,50.80998836132698
2990,139.37366791312616
2991,415.8808685924201
2992,410.20239191968756
2993,268.3097522573536
2994,318.1608363879614
2995,172.50609801702495
2996,369.26085373170463
2997,132.38376222831084
2998,174.53080670248644
2999,266.58887148052565
3000,266.00286010667816
3001,221.98098062066597
3002,606.6235634596204
3003,695.7195756055544
3004,195.89379141724336
3005,193.29552545015116
3006,417.15436181951
3007,1174.8254190038356
3008,87.09276209278971
3009,660.7514087617831
3010,425.4807879231388
3011,654.1476632838478
3012,172.0919368457487
3013,185.89244023686862
3014,870.9210041508952
3015,3231.2168853796525
3016,230.39132624711928
3017,358.61430369048605
3018,658.5803644884959
3019,91.2508466116293
3020,299.84242416905414
3021,216.28137853601714
3022,127.75828685852319
3023,1170.2747840009283
3024,162.6893658105795
3025,793.7429909340706
3026,177.86376208112998
3027,512.2608173729448
3028,675.6995339467927
3029,265.62945166205503
3030,14.351707204925965
3031,43.4887456492682
3032,54.32724622447799
3033,517.6836679409884
3034,219.5296101471614
3035,33.19407218007355
3036,367.601718301811
3037,313.0629132027491
3038,58.28936591679759
3039,104.42637970454786
3040,109.52111931576508
3041,75.86248335323113
3042,18.398030202274843
3043,24.612042720587752
3044,151.25088859830794
3045,131.30250662088469
3046,30.058394570677294
3047,125.06785977543053
3048,40.23953491540967
3049,249.09804757478818
3050,187.6513579234227
3051,345.2849051639714
3052,33.043225323969565
3053,29.25402273602897
3054,435.2078721136218
3055,700.5929792719774
3056,203.122724083807
3057,1684.9746952918126
3058,571.6129518834638
3059,60.62791324393545
3060,468.9839214612529
3061,140.25803446476715
3062,54.99413081768492
3063,60.54762655612553
3064,100.5423481954274
3065,214.16401229994423
3066,58.07036828162254
3067,330.5228745961887
3068,148.52515775479446
3069,101.97762996769349
3070,281.2503036785943
3071,47.57097992750774
3072,57.85920072494412
3073,132.69128753249691
3074,50.19756455964538
3075,130.0229622044314
3076,323.98226047233055
3077,37.184275599430656
3078,385.76167080853594
3079,308.2963385570778
3080,138.8072659802815
3081,161.927185024899
3082,495.8942628714252
3083,206.27933846610782
3084,150.83323058140851
3085,157.71732793922786
3086,1008.5090129828819
3087,127.3706336604716
3088,255.44750037680274
3089,42.598889875045806
3090,86.22763507787174
3091,96.63808512419932
3092,19.467166118001945
3093,269.6342476829543
3094,177.5434612778066
3095,156.17188114326262
3096,111.40199725829558
3097,49.786562729351154
3098,493.4931601360745
3099,300.21983220232505
3100,90.81278046795005
3101,240.95612165448335
3102,125.14553126149019
3103,97.97370770009373
3104,93.21492215554761
3105,26.427528013857476
3106,104.71154240026318
3107,61.56448976158743
3108,68.5947616661619
3109,169.23851180955023
3110,49.53572989796963
3111,60.07896214875675
3112,48.81951780838697
3113,72.41016756150569
3114,16.76740841592675
3115,62.58499988552834
3116,23.02615019619256
3117,225.677063076971
3118,96.49828554864254
3119,89.43517498233442
3120,102.51172950816068
3121,234.4149327613405
3122,72.10795613018946
3123,46.24388783508985
3124,285.6367170305891
3125,99.39089754057689
3126,248.88231922751595
3127,65.38401596599189
3128,145.38194680898852
3129,241.0366777966393
3130,119.32818062738197
3131,303.132348010796
3132,171.84421256832283
3133,122.05566544524707
3134,290.84931328618507
3135,186.57168879984283
3136,346.31513899530256
3137,87.52352511297538
3138,71.39341532116858
3139,71.99063116593415
3140,114.70301236417565
3141,185.89669502586145
3142,490.77969012177124
3143,111.40220974094538
3144,57.89596150120208
3145,194.45063340672502
3146,280.46497761177767
3147,266.5305300240376
3148,86.45580429595158
3149,5.735726114053818
3150,89.02840692533246
3151,14.873390669073046
3152,52.58011312241138
3153,172.88679304742305
3154,507.2814080533637
3155,238.17535834779827
3156,134.93108618714015
3157,132.7010317992832
3158,160.42537547325517
3159,9.992533454524475
3160,5.341589570727892
3161,130.87482762342052
3162,73.10751401264355
3163,176.83990083504887
3164,108.41185046167776
3165,9.307720892840244
3166,5.329385246987476
3167,133.96335849779464
3168,142.58822593562587
3169,141.97849492740482
3170,146.184354387934
3171,133.8390443706038
3172,536.7676805800819
3173,171.2437301008194
3174,164.94102063280104
3175,55.02059643812154
3176,104.26188917786041
3177,51.011358354980835
3178,332.3902398923694
3179,168.78921117568092
3180,179.6450246700485
3181,196.54303301736746
3182,295.8973060145064
3183,570.3142881274368
3184,156.31470263149635
3185,70.51809817533726
3186,171.7344457544513
3187,228.5357378902525
3188,327.05152936259634
3189,49.701550934167216
3190,103.70210433247262
3191,252.36576851723518
3192,116.42363063701089
3193,450.0796607851415
3194,3664.592410637791
3195,88.19946580591015
3196,323.9615599051087
3197,25.37162975160999
3198,68.24821002424923
3199,53.32252717317462
3200,75.26440032300975
3201,227.7085975290232
3202,111.00070497621071
3203,64.09116056432151
3204,21.07221847561937
3205,41.15239210607943
3206,29.735556583737957
3207,826.1964992527716
3208,110.80926632590283
3209,319.6727271360108
3210,398.44399464401346
3211,269.1391876597837
3212,166.652930792587
3213,281.5283181500234
3214,102.56830089382007
3215,805.9612585601218
3216,477.53628029924135
3217,122.92588485855123
3218,44.98179998490321
3219,306.7496001982306
3220,278.635708360891
3221,181.09906963930297
3222,129.73158022317878
3223,336.5098287695106
3224,301.1670115686766
3225,780.2229825363326
3226,611.4271428576728
3227,1509.288512204125
3228,308.5747487269036
3229,366.4810726692501
3230,123.20045357359936
3231,191.9843511224906
3232,167.67944647312692
3233,285.5276399001904
3234,207.7371690210151
3235,676.076933916547
3236,201.1356179722171
3237,731.7751462288732
3238,559.630478830798
3239,528.9566325093855
3240,247.99005231514948
3241,306.3170936259671
3242,105.57251670444987
3243,94.15697721881132
3244,238.17342765098616
3245,118.11845589712154
3246,385.3366231546038
3247,75.31071119788609
3248,111.91141646975142
3249,183.650612362343
3250,729.0108628781708
3251,28.689676151353066
3252,519.3451659632924
3253,121.57801832789472
3254,330.40768498805244
3255,244.50951557983922
3256,62.342698528201154
3257,182.55556912303078
3258,44.90053888982023
3259,19.436668618914553
3260,116.70465367075872
3261,400.5602258781713
3262,87.4334667595296
3263,148.11862846751242
3264,101.66185168194063
3265,210.00908729452638
3266,240.31206801983356
3267,74.90368718162605
3268,79.3023411262584
3269,101.02349438390509
3270,137.96151554560208
3271,46.843220315541124
3272,48.997436414385
3273,206.89452250021856
3274,24.300250757705637
3275,116.87238923124391
3276,571.7222614182847
3277,240.31974565395674
3278,88.1837379716764
3279,98.72536456239304
3280,341.944882856247
3281,214.3293084154683
3282,273.5064661948935
3283,-1
3284,2.128339558879716
3285,1.3411451227655729
3286,1.1567331849844746
3287,1.2536145334737876
3288,1.5984575169290836
3289,193.9567789760522
3290,128.0051898000597
3291,225.00495777639932
3292,279.1253427943536
3293,680.3269361398211
3294,70.34151596689885
3295,88.7041134385254
3296,82.20949146968212
3297,124.76461601683864
3298,38.49246960205948
3299,112.99742342879074
3300,78.37892672773424
3301,200.4787575825853
3302,76.74388061485023
3303,368.94105984145364
3304,32.851306634648765
3305,216.08376674493329
3306,67.43405580896615
3307,255.98462350316584
3308,292.6785079902003
3309,121.67301505975605
3310,29.001767522798193
3311,128.09537413512382
3312,146.30478645907067
3313,103.85085465860698
3314,155.4391963443232
3315,625.6149013492751
3316,115.19665164070058
3317,301.48699561081276
3318,151.48821187254978
3319,nan
3320,574.2150505777246
3321,210.59642786426923
3322,279.0862149205277
3323,140.7575139271831
3324,147.865359683417
3325,165.61295555194866
3326,221.0420820315058
3327,585.4639298086921
3328,849.7637763862136
3329,109.98616400525752
3330,334747.3425021519
3331,44.92606715661365
3332,87.2768470667234
3333,73.15821857928191
3334,284.35453567265176
3335,557.2185404758891
3336,69.88856108413643
3337,54.42386795727663
3338,66.29099903005823
3339,21.163904556586687
3340,189.9782550256889
3341,127.73343395759751
3342,109.46958661266066
3343,71.7320590047608
3344,191.1458933236436
3345,60.55057150627696
3346,253.63876842596935
3347,121.65978762584623
3348,88.15149206867714
3349,2241.33418056177
3350,121.80292913164686
3351,73.06855049539502
3352,115.22159258023852
3353,106.66738105677473
3354,70.39265171244915
3355,419.5555826064533
3356,132.5754235932407
3357,621.1196893876519
3358,117.26068444478888
3359,107.819758466983
3360,201.73055607591013
3361,204.5523936366977
3362,260.5136994613083
3363,109.5406005029363
3364,35.75403097299041
3365,264.4977378796834
3366,28.84404124628201
3367,35.75959785602166
3368,18.148487553766063
3369,82.20122057176641
3370,20.499867147894207
3371,26.96604046563149
3372,15.352344023603688
3373,8.117579748207081
3374,151.0608943215796
3375,428.53538195006684
3376,7.91943200423867
3377,9.979969405317634
3378,10.322109212945088
3379,8.917819465551581
3380,7.58262612656825
3381,36.69142643398085
3382,136.91844179560383
3383,52.28889469172337
3384,67.51259201667847
3385,34.83559223075629
3386,132.97517650157943
3387,68.77738711494786
3388,32.88917441548934
3389,71.25601385583646
3390,6.910564638842984
3391,60.23782377949768
3392,51.905103270944934
3393,107.89829389297986
3394,92.63000252409348
3395,489.9549882414903
3396,1069.0023462217514
3397,396.43836459054785
3398,262.91285915944667
3399,304.15571397548445
3400,355.6535764185506
3401,146.78519795004195
3402,91.27948186437968
3403,74.00145667679877
3404,40.04535526597945
3405,159.34552579409444
3406,27.221888079157786
3407,75.04980432664622
3408,257.1923472461703
3409,78.25516715305837
3410,71.13614019451548
3411,173.9812383461261
3412,43.72597936996561
3413,90.75672051228212
3414,11.580682823040721
3415,121.37620836583127
3416,148.5040542045952
3417,137.66008870704323
3418,63.49156355319615
3419,187.45907635225961
3420,166.46382887732878
3421,143.60353515958494
3422,84.65113793655637
3423,189.25871629022856
3424,31.042991547816175
3425,46.29319765299781
3426,158.94477034916434
3427,271.4864834759225
3428,185.75279540811715
3429,62.449510986896584
3430,83.11527347417508
3431,285.36185711767826
3432,50.49928419166712
3433,96.81118056515288
3434,53.63966630763768
3435,179.66678398918415
3436,67.0246193705271
3437,1403.1329291236343
3438,243.71170377152328
3439,101.82097785515762
3440,131.3952646525121
3441,111.600579527042
3442,8.716195343619304
3443,157.477079181766
3444,91.23165992771527
3445,377.47653059558365
3446,26.012417208116364
3447,103.39750157892695
3448,105.76741498173803
3449,55.01823526095093
3450,204.5458586828882
3451,81.50227638228507
3452,127.35496498114682
3453,278.43117312478563
3454,105.5424674651248
3455,67.10123888151513
3456,138.3028358553722
3457,131.26075244848255
3458,451.8063204600639
3459,50.06296137343439
3460,212.65154846174187
3461,334.0504974364919
3462,264.8144944964351
3463,58.05087771622366
3464,142.69746188806369
3465,17.079081069746458
3466,60.010160714557664
3467,26.308434550853356
3468,34.05890176763557
3469,30.060444253759055
3470,22.568082228448745
3471,38.942966148726875
3472,170.12999550094986
3473,157.09450584799868
3474,73.82438875509779
3475,12.862756864814882
3476,102.24728064101322
3477,89.42131610146029
3478,166.62623225129312
3479,97.4678064159788
3480,47.95689934212562
3481,4.971060339591854
3482,332.897338084319
3483,411.8658105255257
3484,168.28155259756974
3485,279.8954395821239
3486,335.53676241662976
3487,361.7065970630872
3488,28.68390364402123
3489,418.37688923490276
3490,412.24757880005177
3491,366.9504067523468
3492,671.3186853613378
3493,78.33480047772031
3494,63.900133660472264
3495,165.39577151231768
3496,414.9664880777959
3497,272.200457940313
3498,292.8060936199975
3499,1574.6702235463226
3500,109.38333538687074
3501,56.96894062217756
3502,240.35309464256173
3503,42.49431645565979
3504,121.22744077355011
3505,323.7746967571779
3506,134.97600309029653
3507,419.8039301570703
3508,35.34271627737712
3509,511.36417343527177
3510,235.58289227174822
3511,88.41737840953269
3512,196.7017633822021
3513,159.13405673820318
3514,335.8732434428414
3515,81.76303797965902
3516,250.96772485655708
3517,554.1367085989151
3518,245.5653067775915
3519,27.6037249495125
3520,88.68799958629234
3521,107.96499359135088
3522,112.35992604682211
3523,58.447759436364066
3524,517.6283763127009
3525,358.6562012910225
3526,868.0577456951728
3527,529.9283425057918
3528,104.15858094795979
3529,339.3390192042488
3530,501.1976250416803
3531,28.59658256640884
3532,13.595541745832882
3533,11.23312354265168
3534,21.5709699885823
3535,81.12272990779064
3536,55.3042790610077
3537,40.5088103227761
3538,186.54633569314936
3539,154.1905128588283
3540,333.6369242430185
3541,188.04834881405336
3542,94.30399664835292
3543,112.26315340481601
3544,274.66375954731143
3545,88.2437206401446
3546,245.1742880581898
3547,160.60455442352912
3548,188.9740253046163
3549,127.31252347648147
3550,102.77622523703124
3551,109.4767381320735
3552,102.34864437082145
3553,123.19463780200968
3554,528.1722867411652
3555,232.12159098916473
3556,69.79614408234575
3557,283.25350598220587
3558,395.34422145081027
3559,228.8471806023987
3560,393.9424655575508
3561,220.89067256201974
3562,223.7485636682666
3563,214.70532572639638
3564,183.33816085846527
3565,67.53371360819104
3566,48.98365371222669
3567,78.62215951252577
3568,144.48497539845582
3569,287.6435912058753
3570,79.47037659312356
3571,256.00049218245516
3572,900.3430522214576
3573,110.7094475381216
3574,53.10013193210019
3575,30.995253378151187
3576,899.6036427792629
3577,236.81278623120704
3578,159.96010957512058
3579,283.7946907037113
3580,73.84301307397247
3581,80.41930329717762
3582,484.7176566972292
3583,38.84720071929991
3584,252.53092541558317
3585,496.41948381676735
3586,341.278975414107
3587,127.42178284083911
3588,746.4978112333171
3589,132.1621249721369
3590,579.6046147276336
3591,195.997129503489
3592,184.18338012112534
3593,51.66054206898682
3594,121.88171129929898
3595,68.75148345930705
3596,521.5585979599301
3597,121.30417327579723
3598,730.3904778493982
3599,275.63898595561807
3600,285.6481582445585
3601,243.79980747633408
3602,119.9986906108471
3603,113.79649441870204
3604,176.34746195622566
3605,117.77240672269149
3606,57.79219726842772
3607,68.60899135298226
3608,112.92325313487514
3609,155.4981322662986
3610,284.6190607125661
3611,199.26512999989578
3612,197.4792595708041
3613,1728.988350665882
3614,1471.642814795755
3615,210.39959588870786
3616,704.475554989884
3617,84.22780441547769
3618,147.35527224327154
3619,102.73962313639386
3620,233.86195083005705
3621,72.2437965937845
3622,183.06124104462236
3623,579.5836104549094
3624,256.9317491266063
3625,566.3198427753675
3626,329.3360340051243
3627,164.3701466335269
3628,1825.318120531742
3629,24.553017304020482
3630,15.984173146504514
3631,1.2234492620649076
3632,70.41138393868496
3633,14.8257014187716
3634,28.6505156722981
3635,93.5226113278118
3636,633.8949939529402
3637,54.770561312915085
3638,183.7060534480851
3639,43.193822150489034
3640,23.725652225314068
3641,5.73100333430253
3642,171.1538511296537
3643,133.89572802403814
3644,535.6419115133851
3645,266.1790992907193
3646,1017.284344789283
3647,158.92930978352678
3648,142.38392240797094
3649,394.0903284214689
3650,237.1375440542112
3651,676.653915304281
3652,179.64279748685533
3653,167.48662410281855
3654,312.9375430874085
3655,156.50458820408417
3656,119.08807644575452
3657,596.2691946916201
3658,187.595441793336
3659,123.11060412502256
3660,111.22763264745582
3661,171.45068812194265
3662,1048.6529421802543
3663,41.71535528227999
3664,38.144833539272724
3665,18.29289071513518
3666,30.33349131880594
3667,371.95103044943835
3668,267.231216117867
3669,76.58208488630517
3670,595.9903387524747
3671,174.0562510026955
3672,179.7019985490135
3673,230.5261628595825
3674,484.07807621028917
3675,617.4997909817528
3676,188.69570095985011
3677,453.1900392205597
3678,115.01870601709109
3679,967.7010715644464
3680,254.28264562511546
3681,726.4198038354494
3682,123.81824875121316
3683,79.11594693765655
3684,68.00152324526113
3685,67.19063222275669
3686,254.87710758556054
3687,60.64812445169828
3688,474.1975252238254
3689,9.601412279665974
3690,116.37106969305775
3691,304.0942263070176
3692,279.48920166572634
3693,10385.264403344618
3694,3347.948912229546
3695,589.4635324858878
3696,659.4464155145794
3697,106.31081855667236
3698,386.4664572172739
3699,80.38134881351758
3700,60.52565943842714
3701,171.97577934557285
3702,40.87293278281416
3703,161.74375393846617
3704,25.63429376120534
3705,112.65692229436269
3706,175.31594338545344
3707,134.9393219784024
3708,76.80157496094412
3709,227.7863540250103
3710,235.86378395353336
3711,375.61047196013055
3712,41.62566192518685
3713,9.2850136128833
3714,10.548568583550491
3715,66.14344989585916
3716,85.2691887674329
3717,7.677533743616699
3718,29.699103421618116
3719,91.01210566983302
3720,84.84187439259038
3721,61.88796162624756
3722,795.9268268524796
3723,83.47476197821369
3724,4.6380079331635535
3725,12.96917128918325
3726,516.861814107541
3727,162.31324572674126
3728,166.23514469283842
3729,135.94352627845225
3730,511.73713682421356
3731,161.08697969187156
3732,119.63292779783352
3733,477.51032240189267
3734,167.6856031820399
3735,116.15829364072873
3736,132.12948474073372
3737,128.12072510654562
3738,64.13613163439436
3739,104.61202859079418
3740,101.9628485151926
3741,278.2911398730647
3742,562.8488672988886
3743,70.65400935251428
3744,147.5576322071182
3745,800.0702492457239
3746,300.474471448292
3747,115.04832623458832
3748,313.0599276163881
3749,137.49667293825956
3750,1164.480080461743
3751,214.45075662323862
3752,72.59678901752127
3753,316.57200396847156
3754,216.01052001914837
3755,99.82834945533472
3756,110.54022546633195
3757,260.0899484738893
3758,266.22670007841407
3759,115.21554912569115
3760,88.88253395366033
